trial_index,arm_name,trial_status,generation_method,n_samples,threshold,outlier_detector_kwargs
0,0_0,FAILED,Sobol,466,0.584506678581237837377670985006,"{'nu':0.5,'kernel':'rbf','gamma':'auto'}"
1,1_0,FAILED,Sobol,907,0.735511973872780888683564626263,"{'nu':0.5,'kernel':'rbf','gamma':'auto'}"
2,2_0,FAILED,Sobol,531,0.628416054509580268572221939394,"{'nu':0.5,'kernel':'rbf','gamma':'auto'}"
3,3_0,FAILED,Sobol,416,0.669748565182089805603027343750,"{'nu':0.5,'kernel':'rbf','gamma':'auto'}"
4,4_0,FAILED,Sobol,134,0.771137271821499048485293315025,"{'nu':0.5,'kernel':'rbf','gamma':'auto'}"
5,5_0,FAILED,Sobol,256,0.620751413144171371172319595644,"{'nu':0.5,'kernel':'rbf','gamma':'auto'}"
6,6_0,FAILED,Sobol,860,0.594499706476926847997788172506,"{'nu':0.5,'kernel':'rbf','gamma':'auto'}"
7,7_0,FAILED,Sobol,453,0.477780934236943788384621711884,"{'nu':0.5,'kernel':'rbf','gamma':'auto'}"
8,8_0,FAILED,Sobol,930,0.592734595015645071569565516256,"{'nu':0.5,'kernel':'rbf','gamma':'auto'}"
9,9_0,FAILED,Sobol,171,0.713599358312785758684526626894,"{'nu':0.5,'kernel':'rbf','gamma':'auto'}"
10,10_0,FAILED,Sobol,531,0.686101965047419160015351735638,"{'nu':0.5,'kernel':'rbf','gamma':'auto'}"
11,11_0,FAILED,Sobol,661,0.713100649043917789171587173769,"{'nu':0.5,'kernel':'rbf','gamma':'auto'}"
12,12_0,FAILED,Sobol,489,0.630388017930090471807602625631,"{'nu':0.5,'kernel':'rbf','gamma':'auto'}"
13,13_0,FAILED,Sobol,114,0.562632165476679935167680923769,"{'nu':0.5,'kernel':'rbf','gamma':'auto'}"
14,14_0,FAILED,Sobol,194,0.268812388554215464520069645005,"{'nu':0.5,'kernel':'rbf','gamma':'auto'}"
15,15_0,FAILED,Sobol,550,0.780710741318762391216523610638,"{'nu':0.5,'kernel':'rbf','gamma':'auto'}"
16,16_0,FAILED,Sobol,951,0.400009511038661003112792968750,"{'nu':0.5,'kernel':'rbf','gamma':'auto'}"
17,17_0,FAILED,Sobol,455,0.291449811309576034545898437500,"{'nu':0.5,'kernel':'rbf','gamma':'auto'}"
18,18_0,FAILED,Sobol,867,0.641479664668440863195542078756,"{'nu':0.5,'kernel':'rbf','gamma':'auto'}"
19,19_0,FAILED,Sobol,109,0.527426671236753463745117187500,"{'nu':0.5,'kernel':'rbf','gamma':'auto'}"
20,20_0,FAILED,Sobol,564,0.566087361425161361694335937500,"{'nu':0.5,'kernel':'rbf','gamma':'auto'}"
21,21_0,FAILED,Sobol,391,0.562014486826956316534165125631,"{'nu':0.5,'kernel':'rbf','gamma':'auto'}"
22,22_0,FAILED,Sobol,417,0.272340750135481368676693136877,"{'nu':0.5,'kernel':'rbf','gamma':'auto'}"
23,23_0,FAILED,Sobol,707,0.467139069922268446166668809383,"{'nu':0.5,'kernel':'rbf','gamma':'auto'}"
24,24_0,FAILED,Sobol,209,0.564646595530212014324433766888,"{'nu':0.5,'kernel':'rbf','gamma':'auto'}"
25,25_0,FAILED,Sobol,371,0.738464566320180981762177907513,"{'nu':0.5,'kernel':'rbf','gamma':'auto'}"
26,26_0,FAILED,Sobol,320,0.518607116490602537695053797506,"{'nu':0.5,'kernel':'rbf','gamma':'auto'}"
27,27_0,FAILED,Sobol,911,0.676157928258180662695053797506,"{'nu':0.5,'kernel':'rbf','gamma':'auto'}"
28,28_0,FAILED,Sobol,652,0.384341313876211676525684879380,"{'nu':0.5,'kernel':'rbf','gamma':'auto'}"
29,29_0,FAILED,Sobol,414,0.709695761278271719518784266256,"{'nu':0.5,'kernel':'rbf','gamma':'auto'}"
30,30_0,FAILED,Sobol,386,0.286519326642155680584522770005,"{'nu':0.5,'kernel':'rbf','gamma':'auto'}"
31,31_0,FAILED,Sobol,941,0.586488979123532816473129969381,"{'nu':0.5,'kernel':'rbf','gamma':'auto'}"
32,32_0,FAILED,Sobol,982,0.250693529658019553796322043127,"{'nu':0.5,'kernel':'rbf','gamma':'auto'}"
33,33_0,FAILED,Sobol,842,0.621998872794210955206040125631,"{'nu':0.5,'kernel':'rbf','gamma':'auto'}"
34,34_0,FAILED,Sobol,398,0.476346514001488752221291633759,"{'nu':0.5,'kernel':'rbf','gamma':'auto'}"
35,35_0,FAILED,Sobol,826,0.370833750069141432348374110006,"{'nu':0.5,'kernel':'rbf','gamma':'auto'}"
36,36_0,FAILED,Sobol,286,0.318890394829213663641098719381,"{'nu':0.5,'kernel':'rbf','gamma':'auto'}"
37,37_0,FAILED,Sobol,291,0.250958276540040992053093305003,"{'nu':0.5,'kernel':'rbf','gamma':'auto'}"
38,38_0,FAILED,Sobol,554,0.620791236683726377343361946259,"{'nu':0.5,'kernel':'rbf','gamma':'auto'}"
39,39_0,FAILED,Sobol,377,0.734237550757825374603271484375,"{'nu':0.5,'kernel':'rbf','gamma':'auto'}"
40,40_0,FAILED,Sobol,141,0.279185643047094367297233930003,"{'nu':0.5,'kernel':'rbf','gamma':'auto'}"
41,41_0,FAILED,Sobol,365,0.276677722297608896795395594381,"{'nu':0.5,'kernel':'rbf','gamma':'auto'}"
42,42_0,FAILED,Sobol,858,0.253316367417573962139698551255,"{'nu':0.5,'kernel':'rbf','gamma':'auto'}"
43,43_0,FAILED,Sobol,387,0.236315868422389052661003461253,"{'nu':0.5,'kernel':'rbf','gamma':'auto'}"
44,44_0,FAILED,Sobol,478,0.575791426561772956560503189394,"{'nu':0.5,'kernel':'rbf','gamma':'auto'}"
45,45_0,FAILED,Sobol,590,0.389480073750019140099709602509,"{'nu':0.5,'kernel':'rbf','gamma':'auto'}"
46,46_0,FAILED,Sobol,489,0.571289834380149907921975227509,"{'nu':0.5,'kernel':'rbf','gamma':'auto'}"
47,47_0,FAILED,Sobol,291,0.498354792222380715838170317511,"{'nu':0.5,'kernel':'rbf','gamma':'auto'}"
48,48_0,FAILED,Sobol,620,0.240682855620980296063038395005,"{'nu':0.5,'kernel':'rbf','gamma':'auto'}"
49,49_0,FAILED,Sobol,590,0.277797283604741096496582031250,"{'nu':0.5,'kernel':'rbf','gamma':'auto'}"
50,50_0,FAILED,Sobol,592,0.737947592884302228100068532513,"{'nu':0.5,'kernel':'rbf','gamma':'auto'}"
51,51_0,FAILED,Sobol,508,0.799534252844750881195068359375,"{'nu':0.5,'kernel':'rbf','gamma':'auto'}"
52,52_0,FAILED,Sobol,563,0.295587148889899287151905582505,"{'nu':0.5,'kernel':'rbf','gamma':'auto'}"
53,53_0,FAILED,Sobol,319,0.396899947896599769592285156250,"{'nu':0.5,'kernel':'rbf','gamma':'auto'}"
54,54_0,FAILED,Sobol,722,0.243849552050232898370296652502,"{'nu':0.5,'kernel':'rbf','gamma':'auto'}"
55,55_0,FAILED,Sobol,970,0.661521603725850670940644704388,"{'nu':0.5,'kernel':'rbf','gamma':'auto'}"
56,56_0,FAILED,Sobol,926,0.489309160783886976098244758759,"{'nu':0.5,'kernel':'rbf','gamma':'auto'}"
57,57_0,FAILED,Sobol,301,0.354151064343750543450539680634,"{'nu':0.5,'kernel':'rbf','gamma':'auto'}"
58,58_0,FAILED,Sobol,843,0.320132054202258597985775168127,"{'nu':0.5,'kernel':'rbf','gamma':'auto'}"
59,59_0,FAILED,Sobol,766,0.325780347734689779137795540009,"{'nu':0.5,'kernel':'rbf','gamma':'auto'}"
60,60_0,FAILED,Sobol,603,0.620559164695441811687715016888,"{'nu':0.5,'kernel':'rbf','gamma':'auto'}"
61,61_0,FAILED,Sobol,714,0.246786481514573108331234152502,"{'nu':0.5,'kernel':'rbf','gamma':'auto'}"
62,62_0,FAILED,Sobol,702,0.562793708778917878277070485638,"{'nu':0.5,'kernel':'rbf','gamma':'auto'}"
63,63_0,FAILED,Sobol,910,0.689112369716167516564553352509,"{'nu':0.5,'kernel':'rbf','gamma':'auto'}"
64,64_0,FAILED,Sobol,603,0.254926189035177275243881922506,"{'nu':0.5,'kernel':'rbf','gamma':'auto'}"
65,65_0,FAILED,Sobol,483,0.724405427463352680206298828125,"{'nu':0.5,'kernel':'rbf','gamma':'auto'}"
66,66_0,FAILED,Sobol,968,0.580476475693285531853859993134,"{'nu':0.5,'kernel':'rbf','gamma':'auto'}"
67,67_0,FAILED,Sobol,411,0.718663805350661322179917078756,"{'nu':0.5,'kernel':'rbf','gamma':'auto'}"
68,68_0,FAILED,Sobol,920,0.657741490565240449761574836884,"{'nu':0.5,'kernel':'rbf','gamma':'auto'}"
69,69_0,FAILED,Sobol,692,0.571744669415056749883774500631,"{'nu':0.5,'kernel':'rbf','gamma':'auto'}"
70,70_0,FAILED,Sobol,960,0.518348799645900859545122330019,"{'nu':0.5,'kernel':'rbf','gamma':'auto'}"
71,71_0,FAILED,Sobol,875,0.448012811318039938512924891256,"{'nu':0.5,'kernel':'rbf','gamma':'auto'}"
72,72_0,FAILED,Sobol,115,0.701631385274231522686250173138,"{'nu':0.5,'kernel':'rbf','gamma':'auto'}"
73,73_0,FAILED,Sobol,687,0.627911086194217205047607421875,"{'nu':0.5,'kernel':'rbf','gamma':'auto'}"
74,74_0,FAILED,Sobol,218,0.536671557277441091393654915009,"{'nu':0.5,'kernel':'rbf','gamma':'auto'}"
75,75_0,FAILED,Sobol,243,0.736468537896871611181381922506,"{'nu':0.5,'kernel':'rbf','gamma':'auto'}"
76,76_0,FAILED,Sobol,447,0.340479844994843072747414680634,"{'nu':0.5,'kernel':'rbf','gamma':'auto'}"
77,77_0,FAILED,Sobol,120,0.694359355047345250255830251263,"{'nu':0.5,'kernel':'rbf','gamma':'auto'}"
78,78_0,FAILED,Sobol,504,0.540083250589668883989702408144,"{'nu':0.5,'kernel':'rbf','gamma':'auto'}"
79,79_0,FAILED,Sobol,499,0.395809204131364889001076790009,"{'nu':0.5,'kernel':'rbf','gamma':'auto'}"
80,80_0,FAILED,Sobol,826,0.215529930405318759234489789378,"{'nu':0.5,'kernel':'rbf','gamma':'auto'}"
81,81_0,FAILED,Sobol,283,0.468992518261075075347577012508,"{'nu':0.5,'kernel':'rbf','gamma':'auto'}"
82,82_0,FAILED,Sobol,776,0.247706930153071908096151787504,"{'nu':0.5,'kernel':'rbf','gamma':'auto'}"
83,83_0,FAILED,Sobol,905,0.737550794705748691271196548769,"{'nu':0.5,'kernel':'rbf','gamma':'auto'}"
84,84_0,FAILED,Sobol,106,0.494764334708452269140366297506,"{'nu':0.5,'kernel':'rbf','gamma':'auto'}"
85,85_0,FAILED,Sobol,726,0.320459186471998724865528629380,"{'nu':0.5,'kernel':'rbf','gamma':'auto'}"
86,86_0,FAILED,Sobol,254,0.358696570433676309441750618134,"{'nu':0.5,'kernel':'rbf','gamma':'auto'}"
87,87_0,FAILED,Sobol,826,0.200182365067303191796810324377,"{'nu':0.5,'kernel':'rbf','gamma':'auto'}"
88,88_0,FAILED,Sobol,909,0.462086660973727747503403406881,"{'nu':0.5,'kernel':'rbf','gamma':'auto'}"
89,89_0,FAILED,Sobol,440,0.559240848571062154626076790009,"{'nu':0.5,'kernel':'rbf','gamma':'auto'}"
90,90_0,FAILED,Sobol,225,0.260272376425564333501938563131,"{'nu':0.5,'kernel':'rbf','gamma':'auto'}"
91,91_0,FAILED,Sobol,518,0.788971752300858586437470876263,"{'nu':0.5,'kernel':'rbf','gamma':'auto'}"
92,92_0,FAILED,Sobol,672,0.452954447269439730572315738755,"{'nu':0.5,'kernel':'rbf','gamma':'auto'}"
93,93_0,FAILED,Sobol,452,0.663534984365105717785127126263,"{'nu':0.5,'kernel':'rbf','gamma':'auto'}"
94,94_0,FAILED,Sobol,664,0.755985579825937836773164235638,"{'nu':0.5,'kernel':'rbf','gamma':'auto'}"
95,95_0,FAILED,Sobol,757,0.330727067589759893273537727509,"{'nu':0.5,'kernel':'rbf','gamma':'auto'}"
96,96_0,FAILED,Sobol,223,0.638623179122805639806870203756,"{'nu':0.5,'kernel':'rbf','gamma':'auto'}"
97,97_0,FAILED,Sobol,752,0.369200270250439666064323773753,"{'nu':0.5,'kernel':'rbf','gamma':'auto'}"
98,98_0,FAILED,Sobol,451,0.293869452178478263171257367503,"{'nu':0.5,'kernel':'rbf','gamma':'auto'}"
99,99_0,FAILED,Sobol,718,0.773712605983019052757754252525,"{'nu':0.5,'kernel':'rbf','gamma':'auto'}"
100,100_0,FAILED,Sobol,593,0.340939646586775779724121093750,"{'nu':0.5,'kernel':'rbf','gamma':'auto'}"
101,101_0,FAILED,Sobol,913,0.617644452862441628582246266888,"{'nu':0.5,'kernel':'rbf','gamma':'auto'}"
102,102_0,FAILED,Sobol,330,0.225691194273531459124626508128,"{'nu':0.5,'kernel':'rbf','gamma':'auto'}"
103,103_0,FAILED,Sobol,924,0.518703708425164222717285156250,"{'nu':0.5,'kernel':'rbf','gamma':'auto'}"
104,104_0,FAILED,Sobol,858,0.299217429384589228558155582505,"{'nu':0.5,'kernel':'rbf','gamma':'auto'}"
105,105_0,FAILED,Sobol,741,0.555037412978708788457993250631,"{'nu':0.5,'kernel':'rbf','gamma':'auto'}"
106,106_0,FAILED,Sobol,665,0.690307252481579869396455251263,"{'nu':0.5,'kernel':'rbf','gamma':'auto'}"
107,107_0,FAILED,Sobol,290,0.333713013865053698125962000631,"{'nu':0.5,'kernel':'rbf','gamma':'auto'}"
108,108_0,FAILED,Sobol,660,0.283978254906833205151173160630,"{'nu':0.5,'kernel':'rbf','gamma':'auto'}"
109,109_0,FAILED,Sobol,458,0.310319065116345882415771484375,"{'nu':0.5,'kernel':'rbf','gamma':'auto'}"
110,110_0,FAILED,Sobol,617,0.799928504042327404022216796875,"{'nu':0.5,'kernel':'rbf','gamma':'auto'}"
111,111_0,FAILED,Sobol,347,0.739740585908293724060058593750,"{'nu':0.5,'kernel':'rbf','gamma':'auto'}"
112,112_0,FAILED,Sobol,338,0.622037166915833994451645594381,"{'nu':0.5,'kernel':'rbf','gamma':'auto'}"
113,113_0,FAILED,Sobol,123,0.421291462704539321215690961253,"{'nu':0.5,'kernel':'rbf','gamma':'auto'}"
114,114_0,FAILED,Sobol,293,0.664244281128048896789550781250,"{'nu':0.5,'kernel':'rbf','gamma':'auto'}"
115,115_0,FAILED,Sobol,831,0.345233499445021185803028629380,"{'nu':0.5,'kernel':'rbf','gamma':'auto'}"
116,116_0,FAILED,Sobol,942,0.757874885387718855156435893150,"{'nu':0.5,'kernel':'rbf','gamma':'auto'}"
117,117_0,FAILED,Sobol,276,0.291613415442407153399528851878,"{'nu':0.5,'kernel':'rbf','gamma':'auto'}"
118,118_0,FAILED,Sobol,211,0.286426110938191424981624777502,"{'nu':0.5,'kernel':'rbf','gamma':'auto'}"
119,119_0,FAILED,Sobol,979,0.426366251334548029827686832505,"{'nu':0.5,'kernel':'rbf','gamma':'auto'}"
120,120_0,FAILED,Sobol,612,0.451363148540258440899464176255,"{'nu':0.5,'kernel':'rbf','gamma':'auto'}"
121,121_0,FAILED,Sobol,359,0.213881398364901553765804465002,"{'nu':0.5,'kernel':'rbf','gamma':'auto'}"
122,122_0,FAILED,Sobol,652,0.305071554519236121105763004380,"{'nu':0.5,'kernel':'rbf','gamma':'auto'}"
123,123_0,FAILED,Sobol,498,0.560153319314122266625588508759,"{'nu':0.5,'kernel':'rbf','gamma':'auto'}"
124,124_0,FAILED,Sobol,545,0.579195499047637119005571548769,"{'nu':0.5,'kernel':'rbf','gamma':'auto'}"
125,125_0,FAILED,Sobol,957,0.660373419336974687432473274384,"{'nu':0.5,'kernel':'rbf','gamma':'auto'}"
126,126_0,FAILED,Sobol,291,0.562790325842797756195068359375,"{'nu':0.5,'kernel':'rbf','gamma':'auto'}"
127,127_0,FAILED,Sobol,117,0.358898661471903357433888004380,"{'nu':0.5,'kernel':'rbf','gamma':'auto'}"
128,128_0,FAILED,Sobol,361,0.256978156045079231262207031250,"{'nu':0.5,'kernel':'rbf','gamma':'auto'}"
129,129_0,FAILED,Sobol,108,0.655594464391469955444335937500,"{'nu':0.5,'kernel':'rbf','gamma':'auto'}"
130,130_0,FAILED,Sobol,320,0.739105233177542730871323328756,"{'nu':0.5,'kernel':'rbf','gamma':'auto'}"
131,131_0,FAILED,Sobol,461,0.666201178915798664093017578125,"{'nu':0.5,'kernel':'rbf','gamma':'auto'}"
132,132_0,FAILED,Sobol,227,0.790052593685686588287353515625,"{'nu':0.5,'kernel':'rbf','gamma':'auto'}"
133,133_0,FAILED,Sobol,924,0.748585801012814133770234548138,"{'nu':0.5,'kernel':'rbf','gamma':'auto'}"
134,134_0,FAILED,Sobol,585,0.397731170617043994219841351878,"{'nu':0.5,'kernel':'rbf','gamma':'auto'}"
135,135_0,FAILED,Sobol,622,0.296582791581749938281120648753,"{'nu':0.5,'kernel':'rbf','gamma':'auto'}"
136,136_0,FAILED,Sobol,205,0.765861218608915983452334330650,"{'nu':0.5,'kernel':'rbf','gamma':'auto'}"
137,137_0,FAILED,Sobol,267,0.423194994032383031701272102509,"{'nu':0.5,'kernel':'rbf','gamma':'auto'}"
138,138_0,FAILED,Sobol,323,0.530254031345248288964455696259,"{'nu':0.5,'kernel':'rbf','gamma':'auto'}"
139,139_0,FAILED,Sobol,389,0.765239880979061259935747330019,"{'nu':0.5,'kernel':'rbf','gamma':'auto'}"
140,140_0,FAILED,Sobol,198,0.782706297561526431749712173769,"{'nu':0.5,'kernel':'rbf','gamma':'auto'}"
141,141_0,FAILED,Sobol,731,0.374853900820016905370835047506,"{'nu':0.5,'kernel':'rbf','gamma':'auto'}"
142,142_0,FAILED,Sobol,203,0.651580014452338263097885828756,"{'nu':0.5,'kernel':'rbf','gamma':'auto'}"
143,143_0,FAILED,Sobol,526,0.521949362382292836315400563763,"{'nu':0.5,'kernel':'rbf','gamma':'auto'}"
144,144_0,FAILED,Sobol,609,0.334570591524243399206284266256,"{'nu':0.5,'kernel':'rbf','gamma':'auto'}"
145,145_0,FAILED,Sobol,476,0.420309718325734160693230023753,"{'nu':0.5,'kernel':'rbf','gamma':'auto'}"
146,146_0,FAILED,Sobol,401,0.227842995338141923733488170001,"{'nu':0.5,'kernel':'rbf','gamma':'auto'}"
147,147_0,FAILED,Sobol,423,0.296432972885668277740478515625,"{'nu':0.5,'kernel':'rbf','gamma':'auto'}"
148,148_0,FAILED,Sobol,617,0.327648726478219076696518641256,"{'nu':0.5,'kernel':'rbf','gamma':'auto'}"
149,149_0,FAILED,Sobol,406,0.307049684226512908935546875000,"{'nu':0.5,'kernel':'rbf','gamma':'auto'}"
150,150_0,FAILED,Sobol,570,0.427745763957500524377053352509,"{'nu':0.5,'kernel':'rbf','gamma':'auto'}"
151,151_0,FAILED,Sobol,301,0.796100332960486545275102798769,"{'nu':0.5,'kernel':'rbf','gamma':'auto'}"
152,152_0,FAILED,Sobol,574,0.680407913029194011400591080019,"{'nu':0.5,'kernel':'rbf','gamma':'auto'}"
153,153_0,FAILED,Sobol,836,0.340278650261461756976189008128,"{'nu':0.5,'kernel':'rbf','gamma':'auto'}"
154,154_0,FAILED,Sobol,643,0.366270201094448633050149055634,"{'nu':0.5,'kernel':'rbf','gamma':'auto'}"
155,155_0,FAILED,Sobol,277,0.372509772516787074359001508128,"{'nu':0.5,'kernel':'rbf','gamma':'auto'}"
156,156_0,FAILED,Sobol,272,0.654223463311791486596291633759,"{'nu':0.5,'kernel':'rbf','gamma':'auto'}"
157,157_0,FAILED,Sobol,640,0.698056194558739795397173111269,"{'nu':0.5,'kernel':'rbf','gamma':'auto'}"
158,158_0,FAILED,Sobol,359,0.422262342460453576897805305634,"{'nu':0.5,'kernel':'rbf','gamma':'auto'}"
159,159_0,FAILED,Sobol,373,0.267247933149337812963608485006,"{'nu':0.5,'kernel':'rbf','gamma':'auto'}"
160,160_0,FAILED,Sobol,720,0.649336400255560941552346321259,"{'nu':0.5,'kernel':'rbf','gamma':'auto'}"
161,161_0,FAILED,Sobol,828,0.410505388304591212200733707505,"{'nu':0.5,'kernel':'rbf','gamma':'auto'}"
162,162_0,FAILED,Sobol,857,0.234917291998863242419304242503,"{'nu':0.5,'kernel':'rbf','gamma':'auto'}"
163,163_0,FAILED,Sobol,885,0.631082897260785147253159266256,"{'nu':0.5,'kernel':'rbf','gamma':'auto'}"
164,164_0,FAILED,Sobol,121,0.540813733451068534563432876894,"{'nu':0.5,'kernel':'rbf','gamma':'auto'}"
165,165_0,FAILED,Sobol,503,0.315044496022164832726986105627,"{'nu':0.5,'kernel':'rbf','gamma':'auto'}"
166,166_0,FAILED,Sobol,802,0.386364377290010496679428797506,"{'nu':0.5,'kernel':'rbf','gamma':'auto'}"
167,167_0,FAILED,Sobol,616,0.644236772693693726665742360638,"{'nu':0.5,'kernel':'rbf','gamma':'auto'}"
168,168_0,FAILED,Sobol,370,0.348639043793082303857033821259,"{'nu':0.5,'kernel':'rbf','gamma':'auto'}"
169,169_0,FAILED,Sobol,406,0.527920664288103580474853515625,"{'nu':0.5,'kernel':'rbf','gamma':'auto'}"
170,170_0,FAILED,Sobol,808,0.659563046880066394805908203125,"{'nu':0.5,'kernel':'rbf','gamma':'auto'}"
171,171_0,FAILED,Sobol,404,0.730271153710782661150346939394,"{'nu':0.5,'kernel':'rbf','gamma':'auto'}"
172,172_0,FAILED,Sobol,701,0.599984270147979392717729751894,"{'nu':0.5,'kernel':'rbf','gamma':'auto'}"
173,173_0,FAILED,Sobol,241,0.693602455221116631634004079388,"{'nu':0.5,'kernel':'rbf','gamma':'auto'}"
174,174_0,FAILED,Sobol,311,0.789330344088375657207734548138,"{'nu':0.5,'kernel':'rbf','gamma':'auto'}"
175,175_0,FAILED,Sobol,281,0.339830884523689813470070930634,"{'nu':0.5,'kernel':'rbf','gamma':'auto'}"
176,176_0,FAILED,Sobol,230,0.233858764357864873373316072502,"{'nu':0.5,'kernel':'rbf','gamma':'auto'}"
177,177_0,FAILED,Sobol,656,0.533918638527393407677834602509,"{'nu':0.5,'kernel':'rbf','gamma':'auto'}"
178,178_0,FAILED,Sobol,280,0.716119033843279018114458267519,"{'nu':0.5,'kernel':'rbf','gamma':'auto'}"
179,179_0,FAILED,Sobol,308,0.771370888873934790197495203756,"{'nu':0.5,'kernel':'rbf','gamma':'auto'}"
180,180_0,FAILED,Sobol,867,0.619959949702024504247788172506,"{'nu':0.5,'kernel':'rbf','gamma':'auto'}"
181,181_0,FAILED,Sobol,193,0.434649283811450071191018196259,"{'nu':0.5,'kernel':'rbf','gamma':'auto'}"
182,182_0,FAILED,Sobol,845,0.696930624544620624938318087516,"{'nu':0.5,'kernel':'rbf','gamma':'auto'}"
183,183_0,FAILED,Sobol,641,0.344143502786755595135304020005,"{'nu':0.5,'kernel':'rbf','gamma':'auto'}"
184,184_0,FAILED,Sobol,460,0.536914126202464148107651453756,"{'nu':0.5,'kernel':'rbf','gamma':'auto'}"
185,185_0,FAILED,Sobol,392,0.202002727799117570706144420001,"{'nu':0.5,'kernel':'rbf','gamma':'auto'}"
186,186_0,FAILED,Sobol,169,0.773434456996619834612261001894,"{'nu':0.5,'kernel':'rbf','gamma':'auto'}"
187,187_0,FAILED,Sobol,103,0.370594908855855498241993473130,"{'nu':0.5,'kernel':'rbf','gamma':'auto'}"
188,188_0,FAILED,Sobol,482,0.425326703675091288836540570628,"{'nu':0.5,'kernel':'rbf','gamma':'auto'}"
189,189_0,FAILED,Sobol,199,0.704799281992018356035600845644,"{'nu':0.5,'kernel':'rbf','gamma':'auto'}"
190,190_0,FAILED,Sobol,653,0.613196258433163166046142578125,"{'nu':0.5,'kernel':'rbf','gamma':'auto'}"
191,191_0,FAILED,Sobol,632,0.559585665538907095495346766256,"{'nu':0.5,'kernel':'rbf','gamma':'auto'}"
192,192_0,FAILED,Sobol,339,0.772620416060090242638125346275,"{'nu':0.5,'kernel':'rbf','gamma':'auto'}"
193,193_0,FAILED,Sobol,338,0.583162504062056608056252571259,"{'nu':0.5,'kernel':'rbf','gamma':'auto'}"
194,194_0,FAILED,Sobol,464,0.457212262414395831378044476878,"{'nu':0.5,'kernel':'rbf','gamma':'auto'}"
195,195_0,FAILED,Sobol,746,0.744383227638900413225542251894,"{'nu':0.5,'kernel':'rbf','gamma':'auto'}"
196,196_0,FAILED,Sobol,365,0.237201771326363108904899945628,"{'nu':0.5,'kernel':'rbf','gamma':'auto'}"
197,197_0,FAILED,Sobol,285,0.454640317894518419805649500631,"{'nu':0.5,'kernel':'rbf','gamma':'auto'}"
198,198_0,FAILED,Sobol,385,0.732592021115124225616455078125,"{'nu':0.5,'kernel':'rbf','gamma':'auto'}"
199,199_0,FAILED,Sobol,523,0.608619258180260747082002126263,"{'nu':0.5,'kernel':'rbf','gamma':'auto'}"
200,200_0,FAILED,Sobol,733,0.354047534428536925243946598130,"{'nu':0.5,'kernel':'rbf','gamma':'auto'}"
201,201_0,FAILED,Sobol,490,0.487115274183452184875164903133,"{'nu':0.5,'kernel':'rbf','gamma':'auto'}"
202,202_0,FAILED,Sobol,973,0.394583379290998015331837223130,"{'nu':0.5,'kernel':'rbf','gamma':'auto'}"
203,203_0,FAILED,Sobol,866,0.349513385817408595013233707505,"{'nu':0.5,'kernel':'rbf','gamma':'auto'}"
204,204_0,FAILED,Sobol,107,0.233568978495895862579345703125,"{'nu':0.5,'kernel':'rbf','gamma':'auto'}"
205,205_0,FAILED,Sobol,857,0.323735956847667705194027121252,"{'nu':0.5,'kernel':'rbf','gamma':'auto'}"
206,206_0,FAILED,Sobol,109,0.525556256808340616082375618134,"{'nu':0.5,'kernel':'rbf','gamma':'auto'}"
207,207_0,FAILED,Sobol,311,0.312351863272488150524708316880,"{'nu':0.5,'kernel':'rbf','gamma':'auto'}"
208,208_0,FAILED,Sobol,325,0.510341407731175422668457031250,"{'nu':0.5,'kernel':'rbf','gamma':'auto'}"
209,209_0,FAILED,Sobol,858,0.465116944164037759978924668758,"{'nu':0.5,'kernel':'rbf','gamma':'auto'}"
210,210_0,FAILED,Sobol,867,0.673110181093216075609575455019,"{'nu':0.5,'kernel':'rbf','gamma':'auto'}"
211,211_0,FAILED,Sobol,822,0.596857595629990189678437673138,"{'nu':0.5,'kernel':'rbf','gamma':'auto'}"
212,212_0,FAILED,Sobol,245,0.361529122292995497289780360006,"{'nu':0.5,'kernel':'rbf','gamma':'auto'}"
213,213_0,FAILED,Sobol,362,0.592505683004856176232522102509,"{'nu':0.5,'kernel':'rbf','gamma':'auto'}"
214,214_0,FAILED,Sobol,134,0.310000258311629306451351340002,"{'nu':0.5,'kernel':'rbf','gamma':'auto'}"
215,215_0,FAILED,Sobol,974,0.290433660894632350579769308752,"{'nu':0.5,'kernel':'rbf','gamma':'auto'}"
216,216_0,FAILED,Sobol,133,0.408062320575118098187061832505,"{'nu':0.5,'kernel':'rbf','gamma':'auto'}"
217,217_0,FAILED,Sobol,267,0.561513375863432973034150563763,"{'nu':0.5,'kernel':'rbf','gamma':'auto'}"
218,218_0,FAILED,Sobol,662,0.416929293982684634478630414378,"{'nu':0.5,'kernel':'rbf','gamma':'auto'}"
219,219_0,FAILED,Sobol,594,0.223238922655582427978515625000,"{'nu':0.5,'kernel':'rbf','gamma':'auto'}"
220,220_0,FAILED,Sobol,492,0.494568098708987269329639957505,"{'nu':0.5,'kernel':'rbf','gamma':'auto'}"
221,221_0,FAILED,Sobol,134,0.787239201180637060417666361900,"{'nu':0.5,'kernel':'rbf','gamma':'auto'}"
222,222_0,FAILED,Sobol,419,0.532278011180460586260210220644,"{'nu':0.5,'kernel':'rbf','gamma':'auto'}"
223,223_0,FAILED,Sobol,502,0.567934988811612195824807258759,"{'nu':0.5,'kernel':'rbf','gamma':'auto'}"
224,224_0,FAILED,Sobol,981,0.756781069375574766411318705650,"{'nu':0.5,'kernel':'rbf','gamma':'auto'}"
225,225_0,FAILED,Sobol,861,0.355553505383431944775196598130,"{'nu':0.5,'kernel':'rbf','gamma':'auto'}"
226,226_0,FAILED,Sobol,855,0.439388083294034059722577012508,"{'nu':0.5,'kernel':'rbf','gamma':'auto'}"
227,227_0,FAILED,Sobol,520,0.662938530929386704571015798138,"{'nu':0.5,'kernel':'rbf','gamma':'auto'}"
228,228_0,FAILED,Sobol,355,0.548539000004530041820771657513,"{'nu':0.5,'kernel':'rbf','gamma':'auto'}"
229,229_0,FAILED,Sobol,122,0.505367809906601905822753906250,"{'nu':0.5,'kernel':'rbf','gamma':'auto'}"
230,230_0,FAILED,Sobol,611,0.437106199003756079601856754380,"{'nu':0.5,'kernel':'rbf','gamma':'auto'}"
231,231_0,FAILED,Sobol,336,0.555034992285072803497314453125,"{'nu':0.5,'kernel':'rbf','gamma':'auto'}"
232,232_0,FAILED,Sobol,368,0.534264059551060266350930305634,"{'nu':0.5,'kernel':'rbf','gamma':'auto'}"
233,233_0,FAILED,Sobol,497,0.590715021267533391124970876263,"{'nu':0.5,'kernel':'rbf','gamma':'auto'}"
234,234_0,FAILED,Sobol,739,0.405676677264273199963184879380,"{'nu':0.5,'kernel':'rbf','gamma':'auto'}"
235,235_0,FAILED,Sobol,424,0.389260948449373311852639290009,"{'nu':0.5,'kernel':'rbf','gamma':'auto'}"
236,236_0,FAILED,Sobol,483,0.374007545970380328448356976878,"{'nu':0.5,'kernel':'rbf','gamma':'auto'}"
237,237_0,FAILED,Sobol,651,0.627444817684590816497802734375,"{'nu':0.5,'kernel':'rbf','gamma':'auto'}"
238,238_0,FAILED,Sobol,610,0.461238511279225382732960270005,"{'nu':0.5,'kernel':'rbf','gamma':'auto'}"
239,239_0,FAILED,Sobol,930,0.426185472123324915472153406881,"{'nu':0.5,'kernel':'rbf','gamma':'auto'}"
240,240_0,FAILED,Sobol,729,0.524287975952029361437212173769,"{'nu':0.5,'kernel':'rbf','gamma':'auto'}"
241,241_0,FAILED,Sobol,553,0.755257362872362225658662282513,"{'nu':0.5,'kernel':'rbf','gamma':'auto'}"
242,242_0,FAILED,Sobol,996,0.300076848827302455902099609375,"{'nu':0.5,'kernel':'rbf','gamma':'auto'}"
243,243_0,FAILED,Sobol,600,0.714154516905546321581255142519,"{'nu':0.5,'kernel':'rbf','gamma':'auto'}"
244,244_0,FAILED,Sobol,271,0.650303640030324592302690689394,"{'nu':0.5,'kernel':'rbf','gamma':'auto'}"
245,245_0,FAILED,Sobol,598,0.257946706190705310479671652502,"{'nu':0.5,'kernel':'rbf','gamma':'auto'}"
246,246_0,FAILED,Sobol,536,0.608919972926378338939912282513,"{'nu':0.5,'kernel':'rbf','gamma':'auto'}"
247,247_0,FAILED,Sobol,608,0.348075859248638153076171875000,"{'nu':0.5,'kernel':'rbf','gamma':'auto'}"
248,248_0,FAILED,Sobol,376,0.742101768031716346740722656250,"{'nu':0.5,'kernel':'rbf','gamma':'auto'}"
249,249_0,FAILED,Sobol,948,0.598883176967501706933205696259,"{'nu':0.5,'kernel':'rbf','gamma':'auto'}"
250,250_0,FAILED,Sobol,178,0.325207085348665714263916015625,"{'nu':0.5,'kernel':'rbf','gamma':'auto'}"
251,251_0,FAILED,Sobol,349,0.414279424585402067382489121883,"{'nu':0.5,'kernel':'rbf','gamma':'auto'}"
252,252_0,FAILED,Sobol,759,0.603033376298844903118379079388,"{'nu':0.5,'kernel':'rbf','gamma':'auto'}"
253,253_0,FAILED,Sobol,388,0.706429805234074725817094986269,"{'nu':0.5,'kernel':'rbf','gamma':'auto'}"
254,254_0,FAILED,Sobol,851,0.532574369013309567577607595013,"{'nu':0.5,'kernel':'rbf','gamma':'auto'}"
255,255_0,FAILED,Sobol,328,0.425964134559035367821877571259,"{'nu':0.5,'kernel':'rbf','gamma':'auto'}"
256,256_0,FAILED,Sobol,861,0.758536881394684447954546158144,"{'nu':0.5,'kernel':'rbf','gamma':'auto'}"
257,257_0,FAILED,Sobol,145,0.376435341313481330871582031250,"{'nu':0.5,'kernel':'rbf','gamma':'auto'}"
258,258_0,FAILED,Sobol,764,0.521075460687279834459673111269,"{'nu':0.5,'kernel':'rbf','gamma':'auto'}"
259,259_0,FAILED,Sobol,342,0.575295750983059406280517578125,"{'nu':0.5,'kernel':'rbf','gamma':'auto'}"
260,260_0,FAILED,Sobol,383,0.342856634221971101617043586884,"{'nu':0.5,'kernel':'rbf','gamma':'auto'}"
261,261_0,FAILED,Sobol,325,0.699624954350292815874468033144,"{'nu':0.5,'kernel':'rbf','gamma':'auto'}"
262,262_0,FAILED,Sobol,873,0.230822541750967530349569756254,"{'nu':0.5,'kernel':'rbf','gamma':'auto'}"
263,263_0,FAILED,Sobol,465,0.712152404338121547411333267519,"{'nu':0.5,'kernel':'rbf','gamma':'auto'}"
264,264_0,FAILED,Sobol,725,0.250280494056642099920395594381,"{'nu':0.5,'kernel':'rbf','gamma':'auto'}"
265,265_0,FAILED,Sobol,305,0.434982349909842080926125618134,"{'nu':0.5,'kernel':'rbf','gamma':'auto'}"
266,266_0,FAILED,Sobol,130,0.245921016484498988763363058752,"{'nu':0.5,'kernel':'rbf','gamma':'auto'}"
267,267_0,FAILED,Sobol,729,0.393400531262159347534179687500,"{'nu':0.5,'kernel':'rbf','gamma':'auto'}"
268,268_0,FAILED,Sobol,645,0.362850481830537363592270594381,"{'nu':0.5,'kernel':'rbf','gamma':'auto'}"
269,269_0,FAILED,Sobol,525,0.465012819692492529455307703756,"{'nu':0.5,'kernel':'rbf','gamma':'auto'}"
270,270_0,FAILED,Sobol,588,0.641851675324142112444292251894,"{'nu':0.5,'kernel':'rbf','gamma':'auto'}"
271,271_0,FAILED,Sobol,815,0.281813335046172175335499332505,"{'nu':0.5,'kernel':'rbf','gamma':'auto'}"
272,272_0,FAILED,Sobol,783,0.577442964911460965282685720013,"{'nu':0.5,'kernel':'rbf','gamma':'auto'}"
273,273_0,FAILED,Sobol,363,0.655561541952192849969094368134,"{'nu':0.5,'kernel':'rbf','gamma':'auto'}"
274,274_0,FAILED,Sobol,283,0.517132455296814508294289680634,"{'nu':0.5,'kernel':'rbf','gamma':'auto'}"
275,275_0,FAILED,Sobol,430,0.676415261067450090948227625631,"{'nu':0.5,'kernel':'rbf','gamma':'auto'}"
276,276_0,FAILED,Sobol,451,0.215681814961135392971769420001,"{'nu':0.5,'kernel':'rbf','gamma':'auto'}"
277,277_0,FAILED,Sobol,322,0.437132625468075297625603070628,"{'nu':0.5,'kernel':'rbf','gamma':'auto'}"
278,278_0,FAILED,Sobol,777,0.722196975350380077074419205019,"{'nu':0.5,'kernel':'rbf','gamma':'auto'}"
279,279_0,FAILED,Sobol,240,0.451853502169251464160026898753,"{'nu':0.5,'kernel':'rbf','gamma':'auto'}"
280,280_0,FAILED,Sobol,232,0.302638783678412459643425336253,"{'nu':0.5,'kernel':'rbf','gamma':'auto'}"
281,281_0,FAILED,Sobol,560,0.266644989326596304479721766256,"{'nu':0.5,'kernel':'rbf','gamma':'auto'}"
282,282_0,FAILED,Sobol,240,0.217392202094197295458855023753,"{'nu':0.5,'kernel':'rbf','gamma':'auto'}"
283,283_0,FAILED,Sobol,879,0.414914834871888182910026898753,"{'nu':0.5,'kernel':'rbf','gamma':'auto'}"
284,284_0,FAILED,Sobol,450,0.795918723382055937065615580650,"{'nu':0.5,'kernel':'rbf','gamma':'auto'}"
285,285_0,FAILED,Sobol,618,0.479510277323424882744973274384,"{'nu':0.5,'kernel':'rbf','gamma':'auto'}"
286,286_0,FAILED,Sobol,909,0.598278306983411445330034439394,"{'nu':0.5,'kernel':'rbf','gamma':'auto'}"
287,287_0,FAILED,Sobol,546,0.573150656558573334820039235638,"{'nu':0.5,'kernel':'rbf','gamma':'auto'}"
288,288_0,FAILED,Sobol,531,0.619128291681408926550034266256,"{'nu':0.5,'kernel':'rbf','gamma':'auto'}"
289,289_0,FAILED,Sobol,918,0.288194505870342287945362613755,"{'nu':0.5,'kernel':'rbf','gamma':'auto'}"
290,290_0,FAILED,Sobol,952,0.210336304269731044769287109375,"{'nu':0.5,'kernel':'rbf','gamma':'auto'}"
291,291_0,FAILED,Sobol,231,0.783486924320459410253647547506,"{'nu':0.5,'kernel':'rbf','gamma':'auto'}"
292,292_0,FAILED,Sobol,879,0.712447399273514747619628906250,"{'nu':0.5,'kernel':'rbf','gamma':'auto'}"
293,293_0,FAILED,Sobol,932,0.667958297394216193865190689394,"{'nu':0.5,'kernel':'rbf','gamma':'auto'}"
294,294_0,FAILED,Sobol,634,0.200407732091844092980892355627,"{'nu':0.5,'kernel':'rbf','gamma':'auto'}"
295,295_0,FAILED,Sobol,856,0.560133112780749842229965906881,"{'nu':0.5,'kernel':'rbf','gamma':'auto'}"
296,296_0,FAILED,Sobol,811,0.773858068324625669731631205650,"{'nu':0.5,'kernel':'rbf','gamma':'auto'}"
297,297_0,FAILED,Sobol,900,0.343331405892968177795410156250,"{'nu':0.5,'kernel':'rbf','gamma':'auto'}"
298,298_0,FAILED,Sobol,642,0.434644797816872652251873887508,"{'nu':0.5,'kernel':'rbf','gamma':'auto'}"
299,299_0,FAILED,Sobol,426,0.325968330353498481066765180003,"{'nu':0.5,'kernel':'rbf','gamma':'auto'}"
300,300_0,FAILED,Sobol,703,0.384301302023231983184814453125,"{'nu':0.5,'kernel':'rbf','gamma':'auto'}"
301,301_0,FAILED,Sobol,912,0.650819401443004652563217860006,"{'nu':0.5,'kernel':'rbf','gamma':'auto'}"
302,302_0,FAILED,Sobol,171,0.262243187054991722106933593750,"{'nu':0.5,'kernel':'rbf','gamma':'auto'}"
303,303_0,FAILED,Sobol,653,0.459808878228068373950065961253,"{'nu':0.5,'kernel':'rbf','gamma':'auto'}"
304,304_0,FAILED,Sobol,101,0.563335202634334564208984375000,"{'nu':0.5,'kernel':'rbf','gamma':'auto'}"
305,305_0,FAILED,Sobol,917,0.749282802641391798559311610006,"{'nu':0.5,'kernel':'rbf','gamma':'auto'}"
306,306_0,FAILED,Sobol,872,0.451396233029663584979118695628,"{'nu':0.5,'kernel':'rbf','gamma':'auto'}"
307,307_0,FAILED,Sobol,801,0.518124062381684846734231086884,"{'nu':0.5,'kernel':'rbf','gamma':'auto'}"
308,308_0,FAILED,Sobol,503,0.292883911356329962316635828756,"{'nu':0.5,'kernel':'rbf','gamma':'auto'}"
309,309_0,FAILED,Sobol,919,0.585645446181297435472856705019,"{'nu':0.5,'kernel':'rbf','gamma':'auto'}"
310,310_0,FAILED,Sobol,742,0.561891973577439918230425064394,"{'nu':0.5,'kernel':'rbf','gamma':'auto'}"
311,311_0,FAILED,Sobol,457,0.670912453904747962951660156250,"{'nu':0.5,'kernel':'rbf','gamma':'auto'}"
312,312_0,FAILED,Sobol,997,0.215846801549196248837247935626,"{'nu':0.5,'kernel':'rbf','gamma':'auto'}"
313,313_0,FAILED,Sobol,841,0.618141790293157189495332204388,"{'nu':0.5,'kernel':'rbf','gamma':'auto'}"
314,314_0,FAILED,Sobol,726,0.350962882302701506542774723130,"{'nu':0.5,'kernel':'rbf','gamma':'auto'}"
315,315_0,FAILED,Sobol,402,0.309008702076971564220997379380,"{'nu':0.5,'kernel':'rbf','gamma':'auto'}"
316,316_0,FAILED,Sobol,746,0.236293892189860355035335715002,"{'nu':0.5,'kernel':'rbf','gamma':'auto'}"
317,317_0,FAILED,Sobol,532,0.410346255637705381591473496883,"{'nu':0.5,'kernel':'rbf','gamma':'auto'}"
318,318_0,FAILED,Sobol,185,0.579667522013187497265107595013,"{'nu':0.5,'kernel':'rbf','gamma':'auto'}"
319,319_0,FAILED,Sobol,157,0.338533764332532904894890180003,"{'nu':0.5,'kernel':'rbf','gamma':'auto'}"
320,320_0,FAILED,Sobol,879,0.673053561896085783544663172506,"{'nu':0.5,'kernel':'rbf','gamma':'auto'}"
321,321_0,FAILED,Sobol,454,0.248302904702723037377865011877,"{'nu':0.5,'kernel':'rbf','gamma':'auto'}"
322,322_0,FAILED,Sobol,832,0.675500754639506428844697438763,"{'nu':0.5,'kernel':'rbf','gamma':'auto'}"
323,323_0,FAILED,Sobol,553,0.519020059891045160149758430634,"{'nu':0.5,'kernel':'rbf','gamma':'auto'}"
324,324_0,FAILED,Sobol,180,0.270536156557500406805161219381,"{'nu':0.5,'kernel':'rbf','gamma':'auto'}"
325,325_0,FAILED,Sobol,474,0.710158378072083040777329188131,"{'nu':0.5,'kernel':'rbf','gamma':'auto'}"
326,326_0,FAILED,Sobol,783,0.299001001380383990557731976878,"{'nu':0.5,'kernel':'rbf','gamma':'auto'}"
327,327_0,FAILED,Sobol,696,0.531901448033750057220458984375,"{'nu':0.5,'kernel':'rbf','gamma':'auto'}"
328,328_0,FAILED,Sobol,963,0.595450395904481455389145594381,"{'nu':0.5,'kernel':'rbf','gamma':'auto'}"
329,329_0,FAILED,Sobol,707,0.467430916056036982464405582505,"{'nu':0.5,'kernel':'rbf','gamma':'auto'}"
330,330_0,FAILED,Sobol,733,0.707180099003017037517793141888,"{'nu':0.5,'kernel':'rbf','gamma':'auto'}"
331,331_0,FAILED,Sobol,153,0.431193964369595117425149055634,"{'nu':0.5,'kernel':'rbf','gamma':'auto'}"
332,332_0,FAILED,Sobol,894,0.535563790984451837395852180634,"{'nu':0.5,'kernel':'rbf','gamma':'auto'}"
333,333_0,FAILED,Sobol,727,0.410680287331342763756936165009,"{'nu':0.5,'kernel':'rbf','gamma':'auto'}"
334,334_0,FAILED,Sobol,452,0.378942190296947978289665570628,"{'nu':0.5,'kernel':'rbf','gamma':'auto'}"
335,335_0,FAILED,Sobol,972,0.648693872056901543743379079388,"{'nu':0.5,'kernel':'rbf','gamma':'auto'}"
336,336_0,FAILED,Sobol,187,0.523117349296808309411233040009,"{'nu':0.5,'kernel':'rbf','gamma':'auto'}"
337,337_0,FAILED,Sobol,172,0.690286274254322096410874110006,"{'nu':0.5,'kernel':'rbf','gamma':'auto'}"
338,338_0,FAILED,Sobol,390,0.667115968652069568634033203125,"{'nu':0.5,'kernel':'rbf','gamma':'auto'}"
339,339_0,FAILED,Sobol,408,0.410211152210831708764260383759,"{'nu':0.5,'kernel':'rbf','gamma':'auto'}"
340,340_0,FAILED,Sobol,381,0.394355718418955836224171207505,"{'nu':0.5,'kernel':'rbf','gamma':'auto'}"
341,341_0,FAILED,Sobol,545,0.503570962324738635729204361269,"{'nu':0.5,'kernel':'rbf','gamma':'auto'}"
342,342_0,FAILED,Sobol,365,0.273291187547147318426254969381,"{'nu':0.5,'kernel':'rbf','gamma':'auto'}"
343,343_0,FAILED,Sobol,317,0.234083471447229407580437055003,"{'nu':0.5,'kernel':'rbf','gamma':'auto'}"
344,344_0,FAILED,Sobol,617,0.719156850129365921020507812500,"{'nu':0.5,'kernel':'rbf','gamma':'auto'}"
345,345_0,FAILED,Sobol,529,0.577848135493695735931396484375,"{'nu':0.5,'kernel':'rbf','gamma':'auto'}"
346,346_0,FAILED,Sobol,864,0.698087493143975779119614344381,"{'nu':0.5,'kernel':'rbf','gamma':'auto'}"
347,347_0,FAILED,Sobol,165,0.252464387193322203906120648753,"{'nu':0.5,'kernel':'rbf','gamma':'auto'}"
348,348_0,FAILED,Sobol,629,0.724056616798043339855439626263,"{'nu':0.5,'kernel':'rbf','gamma':'auto'}"
349,349_0,FAILED,Sobol,269,0.631367346644401639110810720013,"{'nu':0.5,'kernel':'rbf','gamma':'auto'}"
350,350_0,FAILED,Sobol,197,0.505528827384114309850815516256,"{'nu':0.5,'kernel':'rbf','gamma':'auto'}"
351,351_0,FAILED,Sobol,583,0.691889042221009775701645594381,"{'nu':0.5,'kernel':'rbf','gamma':'auto'}"
352,352_0,FAILED,Sobol,379,0.760297506861388860954775736900,"{'nu':0.5,'kernel':'rbf','gamma':'auto'}"
353,353_0,FAILED,Sobol,687,0.516696743294596805284868423769,"{'nu':0.5,'kernel':'rbf','gamma':'auto'}"
354,354_0,FAILED,Sobol,382,0.497154390811920199322315738755,"{'nu':0.5,'kernel':'rbf','gamma':'auto'}"
355,355_0,FAILED,Sobol,801,0.497111125662922925805276008759,"{'nu':0.5,'kernel':'rbf','gamma':'auto'}"
356,356_0,FAILED,Sobol,857,0.287037914991378817486378238755,"{'nu':0.5,'kernel':'rbf','gamma':'auto'}"
357,357_0,FAILED,Sobol,158,0.247723710164427790569874332505,"{'nu':0.5,'kernel':'rbf','gamma':'auto'}"
358,358_0,FAILED,Sobol,256,0.545679247751832074975197883759,"{'nu':0.5,'kernel':'rbf','gamma':'auto'}"
359,359_0,FAILED,Sobol,407,0.494320031814277249804234770636,"{'nu':0.5,'kernel':'rbf','gamma':'auto'}"
360,360_0,FAILED,Sobol,149,0.493046739138662870605145371883,"{'nu':0.5,'kernel':'rbf','gamma':'auto'}"
361,361_0,FAILED,Sobol,619,0.733067501336336135864257812500,"{'nu':0.5,'kernel':'rbf','gamma':'auto'}"
362,362_0,FAILED,Sobol,230,0.612553518451750322881821375631,"{'nu':0.5,'kernel':'rbf','gamma':'auto'}"
363,363_0,FAILED,Sobol,193,0.237657734006643306390316183752,"{'nu':0.5,'kernel':'rbf','gamma':'auto'}"
364,364_0,FAILED,Sobol,888,0.459280305355787343835061165009,"{'nu':0.5,'kernel':'rbf','gamma':'auto'}"
365,365_0,FAILED,Sobol,748,0.331737745739519640508774500631,"{'nu':0.5,'kernel':'rbf','gamma':'auto'}"
366,366_0,FAILED,Sobol,488,0.237682453356683254241943359375,"{'nu':0.5,'kernel':'rbf','gamma':'auto'}"
367,367_0,FAILED,Sobol,802,0.674254230409860655370835047506,"{'nu':0.5,'kernel':'rbf','gamma':'auto'}"
368,368_0,FAILED,Sobol,646,0.442824408225715226983254524384,"{'nu':0.5,'kernel':'rbf','gamma':'auto'}"
369,369_0,FAILED,Sobol,646,0.384683835878968261035026898753,"{'nu':0.5,'kernel':'rbf','gamma':'auto'}"
370,370_0,FAILED,Sobol,471,0.789128113910555928356416188763,"{'nu':0.5,'kernel':'rbf','gamma':'auto'}"
371,371_0,FAILED,Sobol,555,0.327005086280405588006203743134,"{'nu':0.5,'kernel':'rbf','gamma':'auto'}"
372,372_0,FAILED,Sobol,550,0.366482739336788654327392578125,"{'nu':0.5,'kernel':'rbf','gamma':'auto'}"
373,373_0,FAILED,Sobol,585,0.370217301882803440093994140625,"{'nu':0.5,'kernel':'rbf','gamma':'auto'}"
374,374_0,FAILED,Sobol,475,0.474410766549408502434914680634,"{'nu':0.5,'kernel':'rbf','gamma':'auto'}"
375,375_0,FAILED,Sobol,773,0.252196141146123431475700726878,"{'nu':0.5,'kernel':'rbf','gamma':'auto'}"
376,376_0,FAILED,Sobol,163,0.546095368452370166778564453125,"{'nu':0.5,'kernel':'rbf','gamma':'auto'}"
377,377_0,FAILED,Sobol,616,0.738553756475448741625200455019,"{'nu':0.5,'kernel':'rbf','gamma':'auto'}"
378,378_0,FAILED,Sobol,165,0.251733918860554739538315516256,"{'nu':0.5,'kernel':'rbf','gamma':'auto'}"
379,379_0,FAILED,Sobol,653,0.242423718795180348495321709379,"{'nu':0.5,'kernel':'rbf','gamma':'auto'}"
380,380_0,FAILED,Sobol,293,0.673527517728507607586152516888,"{'nu':0.5,'kernel':'rbf','gamma':'auto'}"
381,381_0,FAILED,Sobol,803,0.645992820523679345257050954388,"{'nu':0.5,'kernel':'rbf','gamma':'auto'}"
382,382_0,FAILED,Sobol,429,0.762786987982690511955752299400,"{'nu':0.5,'kernel':'rbf','gamma':'auto'}"
383,383_0,FAILED,Sobol,733,0.336804827488958902215188118134,"{'nu':0.5,'kernel':'rbf','gamma':'auto'}"
384,384_0,FAILED,Sobol,304,0.668298180215060710906982421875,"{'nu':0.5,'kernel':'rbf','gamma':'auto'}"
385,385_0,FAILED,Sobol,717,0.371971347555518194738510828756,"{'nu':0.5,'kernel':'rbf','gamma':'auto'}"
386,386_0,FAILED,Sobol,122,0.565136517211794919823830696259,"{'nu':0.5,'kernel':'rbf','gamma':'auto'}"
387,387_0,FAILED,Sobol,779,0.739110486395657240166201518150,"{'nu':0.5,'kernel':'rbf','gamma':'auto'}"
388,388_0,FAILED,Sobol,965,0.308365264721214782372982199377,"{'nu':0.5,'kernel':'rbf','gamma':'auto'}"
389,389_0,FAILED,Sobol,442,0.218865443952381610870361328125,"{'nu':0.5,'kernel':'rbf','gamma':'auto'}"
390,390_0,FAILED,Sobol,601,0.385384315438568658684914680634,"{'nu':0.5,'kernel':'rbf','gamma':'auto'}"
391,391_0,FAILED,Sobol,981,0.654621855728328316814668141888,"{'nu':0.5,'kernel':'rbf','gamma':'auto'}"
392,392_0,FAILED,Sobol,975,0.300050192140042804034294476878,"{'nu':0.5,'kernel':'rbf','gamma':'auto'}"
393,393_0,FAILED,Sobol,937,0.544817086867988242815386001894,"{'nu':0.5,'kernel':'rbf','gamma':'auto'}"
394,394_0,FAILED,Sobol,212,0.452497425675392195287827235006,"{'nu':0.5,'kernel':'rbf','gamma':'auto'}"
395,395_0,FAILED,Sobol,551,0.408152914419770307397072883759,"{'nu':0.5,'kernel':'rbf','gamma':'auto'}"
396,396_0,FAILED,Sobol,151,0.346415938995778605047348719381,"{'nu':0.5,'kernel':'rbf','gamma':'auto'}"
397,397_0,FAILED,Sobol,796,0.634173620678484484258774500631,"{'nu':0.5,'kernel':'rbf','gamma':'auto'}"
398,398_0,FAILED,Sobol,822,0.650513455830514564226518814394,"{'nu':0.5,'kernel':'rbf','gamma':'auto'}"
399,399_0,FAILED,Sobol,507,0.735926717147231235216509048769,"{'nu':0.5,'kernel':'rbf','gamma':'auto'}"
400,400_0,FAILED,Sobol,719,0.426705602183938048632683148753,"{'nu':0.5,'kernel':'rbf','gamma':'auto'}"
401,401_0,FAILED,Sobol,591,0.759273592568934008184555750631,"{'nu':0.5,'kernel':'rbf','gamma':'auto'}"
402,402_0,FAILED,Sobol,803,0.405062354728579543383659711253,"{'nu':0.5,'kernel':'rbf','gamma':'auto'}"
403,403_0,FAILED,Sobol,754,0.492333611287176675652688118134,"{'nu':0.5,'kernel':'rbf','gamma':'auto'}"
404,404_0,FAILED,Sobol,450,0.608040524087846367962129079388,"{'nu':0.5,'kernel':'rbf','gamma':'auto'}"
405,405_0,FAILED,Sobol,419,0.439107970148325033044045540009,"{'nu':0.5,'kernel':'rbf','gamma':'auto'}"
406,406_0,FAILED,Sobol,776,0.394172038510441802294792523753,"{'nu':0.5,'kernel':'rbf','gamma':'auto'}"
407,407_0,FAILED,Sobol,271,0.759929446317255674614443705650,"{'nu':0.5,'kernel':'rbf','gamma':'auto'}"
408,408_0,FAILED,Sobol,912,0.239982141368091123068140291252,"{'nu':0.5,'kernel':'rbf','gamma':'auto'}"
409,409_0,FAILED,Sobol,664,0.248920425772666958907919365629,"{'nu':0.5,'kernel':'rbf','gamma':'auto'}"
410,410_0,FAILED,Sobol,385,0.276853819377720355987548828125,"{'nu':0.5,'kernel':'rbf','gamma':'auto'}"
411,411_0,FAILED,Sobol,858,0.437795399874448820654038172506,"{'nu':0.5,'kernel':'rbf','gamma':'auto'}"
412,412_0,FAILED,Sobol,104,0.734395899996161505285385828756,"{'nu':0.5,'kernel':'rbf','gamma':'auto'}"
413,413_0,FAILED,Sobol,368,0.236181135475635545217798494377,"{'nu':0.5,'kernel':'rbf','gamma':'auto'}"
414,414_0,FAILED,Sobol,641,0.485900776088237840166783598761,"{'nu':0.5,'kernel':'rbf','gamma':'auto'}"
415,415_0,FAILED,Sobol,596,0.506536139920353956078713508759,"{'nu':0.5,'kernel':'rbf','gamma':'auto'}"
416,416_0,FAILED,Sobol,327,0.386660627834498948907082649384,"{'nu':0.5,'kernel':'rbf','gamma':'auto'}"
417,417_0,FAILED,Sobol,823,0.382830231077969096453728070628,"{'nu':0.5,'kernel':'rbf','gamma':'auto'}"
418,418_0,FAILED,Sobol,897,0.495579546876251775255894926886,"{'nu':0.5,'kernel':'rbf','gamma':'auto'}"
419,419_0,FAILED,Sobol,618,0.252156997099518775939941406250,"{'nu':0.5,'kernel':'rbf','gamma':'auto'}"
420,420_0,FAILED,Sobol,522,0.267531931027770064623894086253,"{'nu':0.5,'kernel':'rbf','gamma':'auto'}"
421,421_0,FAILED,Sobol,941,0.217075613699853425808683482501,"{'nu':0.5,'kernel':'rbf','gamma':'auto'}"
422,422_0,FAILED,Sobol,694,0.639991718716919510967500173138,"{'nu':0.5,'kernel':'rbf','gamma':'auto'}"
423,423_0,FAILED,Sobol,777,0.592920134589076108788674446259,"{'nu':0.5,'kernel':'rbf','gamma':'auto'}"
424,424_0,FAILED,Sobol,278,0.409500041045248563964520371883,"{'nu':0.5,'kernel':'rbf','gamma':'auto'}"
425,425_0,FAILED,Sobol,979,0.581946117244660943157441579388,"{'nu':0.5,'kernel':'rbf','gamma':'auto'}"
426,426_0,FAILED,Sobol,533,0.297230855748057409826401453756,"{'nu':0.5,'kernel':'rbf','gamma':'auto'}"
427,427_0,FAILED,Sobol,921,0.775272590480744927532441579388,"{'nu':0.5,'kernel':'rbf','gamma':'auto'}"
428,428_0,FAILED,Sobol,823,0.724037810601294129497773610638,"{'nu':0.5,'kernel':'rbf','gamma':'auto'}"
429,429_0,FAILED,Sobol,286,0.745844614692032337188720703125,"{'nu':0.5,'kernel':'rbf','gamma':'auto'}"
430,430_0,FAILED,Sobol,196,0.354058704711496863293263004380,"{'nu':0.5,'kernel':'rbf','gamma':'auto'}"
431,431_0,FAILED,Sobol,829,0.293239602446556113513054242503,"{'nu':0.5,'kernel':'rbf','gamma':'auto'}"
432,432_0,FAILED,Sobol,550,0.729584271274507090154770594381,"{'nu':0.5,'kernel':'rbf','gamma':'auto'}"
433,433_0,FAILED,Sobol,592,0.786756449937820567797075455019,"{'nu':0.5,'kernel':'rbf','gamma':'auto'}"
434,434_0,FAILED,Sobol,214,0.549613650515675677965532486269,"{'nu':0.5,'kernel':'rbf','gamma':'auto'}"
435,435_0,FAILED,Sobol,931,0.764239457249641596092715190025,"{'nu':0.5,'kernel':'rbf','gamma':'auto'}"
436,436_0,FAILED,Sobol,475,0.603513058088719911431496711884,"{'nu':0.5,'kernel':'rbf','gamma':'auto'}"
437,437_0,FAILED,Sobol,443,0.531692948192358016967773437500,"{'nu':0.5,'kernel':'rbf','gamma':'auto'}"
438,438_0,FAILED,Sobol,819,0.614307720586657612926728688763,"{'nu':0.5,'kernel':'rbf','gamma':'auto'}"
439,439_0,FAILED,Sobol,553,0.633091417513787835247285329388,"{'nu':0.5,'kernel':'rbf','gamma':'auto'}"
440,440_0,FAILED,Sobol,809,0.717380686290562286089311783144,"{'nu':0.5,'kernel':'rbf','gamma':'auto'}"
441,441_0,FAILED,Sobol,809,0.300925390794873237609863281250,"{'nu':0.5,'kernel':'rbf','gamma':'auto'}"
442,442_0,FAILED,Sobol,337,0.246112938039004830459433037504,"{'nu':0.5,'kernel':'rbf','gamma':'auto'}"
443,443_0,FAILED,Sobol,524,0.267372513934969913140804465002,"{'nu':0.5,'kernel':'rbf','gamma':'auto'}"
444,444_0,FAILED,Sobol,200,0.289871250279247760772705078125,"{'nu':0.5,'kernel':'rbf','gamma':'auto'}"
445,445_0,FAILED,Sobol,174,0.472907101176679167675587223130,"{'nu':0.5,'kernel':'rbf','gamma':'auto'}"
446,446_0,FAILED,Sobol,801,0.567278227582573957299416633759,"{'nu':0.5,'kernel':'rbf','gamma':'auto'}"
447,447_0,FAILED,Sobol,375,0.348237552866339727941635828756,"{'nu':0.5,'kernel':'rbf','gamma':'auto'}"
448,448_0,FAILED,Sobol,161,0.541248454712331295013427734375,"{'nu':0.5,'kernel':'rbf','gamma':'auto'}"
449,449_0,FAILED,Sobol,114,0.359046423248946700024220035630,"{'nu':0.5,'kernel':'rbf','gamma':'auto'}"
450,450_0,FAILED,Sobol,484,0.265809332020580768585205078125,"{'nu':0.5,'kernel':'rbf','gamma':'auto'}"
451,451_0,FAILED,Sobol,106,0.205166171491146104299829744377,"{'nu':0.5,'kernel':'rbf','gamma':'auto'}"
452,452_0,FAILED,Sobol,348,0.287915369495749473571777343750,"{'nu':0.5,'kernel':'rbf','gamma':'auto'}"
453,453_0,FAILED,Sobol,549,0.651888256706297464226906868134,"{'nu':0.5,'kernel':'rbf','gamma':'auto'}"
454,454_0,FAILED,Sobol,103,0.472927036136388811993214176255,"{'nu':0.5,'kernel':'rbf','gamma':'auto'}"
455,455_0,FAILED,Sobol,157,0.735920453071594371508012955019,"{'nu':0.5,'kernel':'rbf','gamma':'auto'}"
456,456_0,FAILED,Sobol,115,0.409807310439646299560223496883,"{'nu':0.5,'kernel':'rbf','gamma':'auto'}"
457,457_0,FAILED,Sobol,929,0.493812260031700200890725227509,"{'nu':0.5,'kernel':'rbf','gamma':'auto'}"
458,458_0,FAILED,Sobol,991,0.368822913058102164196583316880,"{'nu':0.5,'kernel':'rbf','gamma':'auto'}"
459,459_0,FAILED,Sobol,694,0.691570441611111252910859548138,"{'nu':0.5,'kernel':'rbf','gamma':'auto'}"
460,460_0,FAILED,Sobol,654,0.385320748202502727508544921875,"{'nu':0.5,'kernel':'rbf','gamma':'auto'}"
461,461_0,FAILED,Sobol,527,0.696028362959623447814294650016,"{'nu':0.5,'kernel':'rbf','gamma':'auto'}"
462,462_0,FAILED,Sobol,268,0.660560685582459061748750173138,"{'nu':0.5,'kernel':'rbf','gamma':'auto'}"
463,463_0,FAILED,Sobol,496,0.486018105410039480407391465633,"{'nu':0.5,'kernel':'rbf','gamma':'auto'}"
464,464_0,FAILED,Sobol,582,0.769971248507499872459902690025,"{'nu':0.5,'kernel':'rbf','gamma':'auto'}"
465,465_0,FAILED,Sobol,996,0.337453675642609640661362391256,"{'nu':0.5,'kernel':'rbf','gamma':'auto'}"
466,466_0,FAILED,Sobol,655,0.706110598333180128349795268150,"{'nu':0.5,'kernel':'rbf','gamma':'auto'}"
467,467_0,FAILED,Sobol,160,0.414613580889999888690056195628,"{'nu':0.5,'kernel':'rbf','gamma':'auto'}"
468,468_0,FAILED,Sobol,477,0.230558824725449112991171318754,"{'nu':0.5,'kernel':'rbf','gamma':'auto'}"
469,469_0,FAILED,Sobol,524,0.733323275111615657806396484375,"{'nu':0.5,'kernel':'rbf','gamma':'auto'}"
470,470_0,FAILED,Sobol,744,0.305743796005845114294174891256,"{'nu':0.5,'kernel':'rbf','gamma':'auto'}"
471,471_0,FAILED,Sobol,815,0.208459147438406960928247713127,"{'nu':0.5,'kernel':'rbf','gamma':'auto'}"
472,472_0,FAILED,Sobol,575,0.751821534708142280578613281250,"{'nu':0.5,'kernel':'rbf','gamma':'auto'}"
473,473_0,FAILED,Sobol,902,0.551162875443697020116928797506,"{'nu':0.5,'kernel':'rbf','gamma':'auto'}"
474,474_0,FAILED,Sobol,263,0.610451912134885921190630142519,"{'nu':0.5,'kernel':'rbf','gamma':'auto'}"
475,475_0,FAILED,Sobol,457,0.426152394898235864495461555634,"{'nu':0.5,'kernel':'rbf','gamma':'auto'}"
476,476_0,FAILED,Sobol,710,0.695744973048567860729463063763,"{'nu':0.5,'kernel':'rbf','gamma':'auto'}"
477,477_0,FAILED,Sobol,610,0.480713584460318144042645371883,"{'nu':0.5,'kernel':'rbf','gamma':'auto'}"
478,478_0,FAILED,Sobol,382,0.647116933763027257775490852509,"{'nu':0.5,'kernel':'rbf','gamma':'auto'}"
479,479_0,FAILED,Sobol,240,0.338064330257475398333610883128,"{'nu':0.5,'kernel':'rbf','gamma':'auto'}"
480,480_0,FAILED,Sobol,613,0.749862910248339176177978515625,"{'nu':0.5,'kernel':'rbf','gamma':'auto'}"
481,481_0,FAILED,Sobol,532,0.576742121577263011644731705019,"{'nu':0.5,'kernel':'rbf','gamma':'auto'}"
482,482_0,FAILED,Sobol,326,0.240707862749695800097526898753,"{'nu':0.5,'kernel':'rbf','gamma':'auto'}"
483,483_0,FAILED,Sobol,901,0.604300983250141143798828125000,"{'nu':0.5,'kernel':'rbf','gamma':'auto'}"
484,484_0,FAILED,Sobol,118,0.459167845360934800957863899384,"{'nu':0.5,'kernel':'rbf','gamma':'auto'}"
485,485_0,FAILED,Sobol,887,0.514713507331907793584946375631,"{'nu':0.5,'kernel':'rbf','gamma':'auto'}"
486,486_0,FAILED,Sobol,876,0.204724375903606425897152121252,"{'nu':0.5,'kernel':'rbf','gamma':'auto'}"
487,487_0,FAILED,Sobol,829,0.486486966721713598449383653133,"{'nu':0.5,'kernel':'rbf','gamma':'auto'}"
488,488_0,FAILED,Sobol,425,0.405950579978525682989243250631,"{'nu':0.5,'kernel':'rbf','gamma':'auto'}"
489,489_0,FAILED,Sobol,623,0.454878913797438166888298383128,"{'nu':0.5,'kernel':'rbf','gamma':'auto'}"
490,490_0,FAILED,Sobol,547,0.595429165102541513299172493134,"{'nu':0.5,'kernel':'rbf','gamma':'auto'}"
491,491_0,FAILED,Sobol,317,0.242256795428693327831837223130,"{'nu':0.5,'kernel':'rbf','gamma':'auto'}"
492,492_0,FAILED,Sobol,211,0.767619978822767778936508875631,"{'nu':0.5,'kernel':'rbf','gamma':'auto'}"
493,493_0,FAILED,Sobol,593,0.555458474531769885729204361269,"{'nu':0.5,'kernel':'rbf','gamma':'auto'}"
494,494_0,FAILED,Sobol,979,0.238029759749770197796436832505,"{'nu':0.5,'kernel':'rbf','gamma':'auto'}"
495,495_0,FAILED,Sobol,698,0.777511500753462314605712890625,"{'nu':0.5,'kernel':'rbf','gamma':'auto'}"
496,496_0,FAILED,Sobol,218,0.731705232523381710052490234375,"{'nu':0.5,'kernel':'rbf','gamma':'auto'}"
497,497_0,FAILED,Sobol,519,0.213611448556184774227872935626,"{'nu':0.5,'kernel':'rbf','gamma':'auto'}"
498,498_0,FAILED,Sobol,622,0.744047163054347038269042968750,"{'nu':0.5,'kernel':'rbf','gamma':'auto'}"
499,499_0,FAILED,Sobol,925,0.300539125315845034869255414378,"{'nu':0.5,'kernel':'rbf','gamma':'auto'}"
500,500_0,RUNNING,Sobol,700,0.529830539040267556316621266888,"{'nu':0.5,'kernel':'rbf','gamma':'auto'}"
501,501_0,RUNNING,Sobol,329,0.507199382595717951360825281881,"{'nu':0.5,'kernel':'rbf','gamma':'auto'}"
502,502_0,RUNNING,Sobol,546,0.437099035829305704314862168758,"{'nu':0.5,'kernel':'rbf','gamma':'auto'}"
503,503_0,RUNNING,Sobol,885,0.206798091158270858080925336253,"{'nu':0.5,'kernel':'rbf','gamma':'auto'}"
504,504_0,RUNNING,Sobol,885,0.400917289033532187048081141256,"{'nu':0.5,'kernel':'rbf','gamma':'auto'}"
505,505_0,RUNNING,Sobol,129,0.405110967531800314489487391256,"{'nu':0.5,'kernel':'rbf','gamma':'auto'}"
506,506_0,RUNNING,Sobol,446,0.467909564636647734570118473130,"{'nu':0.5,'kernel':'rbf','gamma':'auto'}"
507,507_0,RUNNING,Sobol,847,0.761752607487142130437973719381,"{'nu':0.5,'kernel':'rbf','gamma':'auto'}"
508,508_0,RUNNING,Sobol,510,0.601809256896376654211167078756,"{'nu':0.5,'kernel':'rbf','gamma':'auto'}"
509,509_0,RUNNING,Sobol,271,0.793051951564848423004150390625,"{'nu':0.5,'kernel':'rbf','gamma':'auto'}"
510,510_0,RUNNING,Sobol,422,0.477490208484232458996388004380,"{'nu':0.5,'kernel':'rbf','gamma':'auto'}"
511,511_0,RUNNING,Sobol,514,0.544627807289361998144272547506,"{'nu':0.5,'kernel':'rbf','gamma':'auto'}"
